era,launch_year,product_name,category,product_type,shade_code,shade_name,shade_description,finish,finish_group,color_family,shade_depth_order,shade_depth_group,undertone_inferred_cmyk,undertone_confidence,shade_function,c_pct,m_pct,y_pct,k_pct,color_value_source,is_oos
revival,2026,Drawn This Way Eyeliner,Eyes,Eyeliner,260,You Up?,Pink Glitter,Metallic,metallic_shimmer,pink,,,unknown,low,color_cosmetic,0,64,36,4,converted_from_rgb,false
revival,2026,Drawn This Way Eyeliner,Eyes,Eyeliner,270,Unhinged,Turquoise Glitter,Metallic,metallic_shimmer,blue,,,unknown,low,color_cosmetic,50,11,0,10,converted_from_rgb,false
revival,2026,Drawn This Way Eyeliner,Eyes,Eyeliner,300,So Tea,Bronze Duochrome,Duochrome,duochrome,multi_duochrome,,,unknown,low,color_cosmetic,0,40,48,36,converted_from_rgb,false
revival,2026,Drawn This Way Eyeliner,Eyes,Eyeliner,240,No Cap,Metallic Emerald,Metallic,metallic_shimmer,green,,,unknown,low,color_cosmetic,55,0,17,57,converted_from_rgb,false
revival,2026,Drawn This Way Eyeliner,Eyes,Eyeliner,280,Hmu,Ultra Black Glitter,Metallic,metallic_shimmer,black_gray,,,unknown,low,color_cosmetic,0,0,0,81,converted_from_rgb,false
revival,2026,Drawn This Way Eyeliner,Eyes,Eyeliner,220,Do Better,Metallic Copper,Metallic,metallic_shimmer,gold_bronze,,,unknown,low,color_cosmetic,0,34,51,36,converted_from_rgb,false
revival,2026,Drawn This Way Eyeliner,Eyes,Eyeliner,290,Delulu,Lilac Duochrome,Metallic,metallic_shimmer,multi_duochrome,,,unknown,low,color_cosmetic,7,13,0,4,converted_from_rgb,false
revival,2026,Drawn This Way Eyeliner,Eyes,Eyeliner,250,Booboo,Metallic Teal,Metallic,metallic_shimmer,blue,,,unknown,low,color_cosmetic,84,31,0,52,converted_from_rgb,false
revival,2026,Drawn This Way Eyeliner,Eyes,Eyeliner,210,Blocked,Metallic Gold,Metallic,metallic_shimmer,gold_bronze,,,unknown,low,color_cosmetic,0,16,32,7,converted_from_rgb,false
revival,2026,Drawn This Way Eyeliner,Eyes,Eyeliner,230,Big Flex,Metallic Silver,Metallic,metallic_shimmer,white_silver,,,unknown,low,color_cosmetic,0,0,0,9,converted_from_rgb,false
revival,2026,Drawn This Way Eyeliner,Eyes,Eyeliner,160,You Wish,Matte Chocolate Brown,Matte,matte,brown,,,unknown,low,color_cosmetic,0,38,45,73,converted_from_rgb,false
revival,2026,Drawn This Way Eyeliner,Eyes,Eyeliner,170,Try Me,Matte Olive Green,Matte,matte,green,,,unknown,low,color_cosmetic,3,0,18,64,converted_from_rgb,false
revival,2026,Drawn This Way Eyeliner,Eyes,Eyeliner,130,Take Notes,Matte Electric Blue,Matte,matte,blue,,,unknown,low,color_cosmetic,82,66,0,32,converted_from_rgb,false
revival,2026,Drawn This Way Eyeliner,Eyes,Eyeliner,100,Salty,Matte White,Matte,matte,white_silver,,,unknown,low,color_cosmetic,0,0,1,4,converted_from_rgb,false
revival,2026,Drawn This Way Eyeliner,Eyes,Eyeliner,110,Nude Attitude,Matte Peach,Matte,matte,coral_orange,,,unknown,low,color_cosmetic,0,14,22,5,converted_from_rgb,false
revival,2026,Drawn This Way Eyeliner,Eyes,Eyeliner,150,Not Playing,Matte Eggplant,Matte,matte,purple,,,unknown,low,color_cosmetic,0,39,12,74,converted_from_rgb,false
revival,2026,Drawn This Way Eyeliner,Eyes,Eyeliner,200,No Shade,Matte Ultra Black,Matte,matte,black_gray,,,unknown,low,color_cosmetic,2,2,0,82,converted_from_rgb,false
revival,2026,Drawn This Way Eyeliner,Eyes,Eyeliner,120,Hot Take,Daisy Yellow,Matte,matte,yellow,,,unknown,low,color_cosmetic,0,11,45,0,converted_from_rgb,true
revival,2026,Drawn This Way Eyeliner,Eyes,Eyeliner,190,Hit It,Matte Navy Blue,Matte,matte,blue,,,unknown,low,color_cosmetic,47,34,0,63,converted_from_rgb,false
revival,2026,Drawn This Way Eyeliner,Eyes,Eyeliner,180,Gagged,Matte Charcoal Grey,Matte,matte,black_gray,,,unknown,low,color_cosmetic,0,0,0,74,converted_from_rgb,false
revival,2026,Drawn This Way Eyeliner,Eyes,Eyeliner,140,Facts,Matte Burgundy,Matte,matte,berry_plum,,,unknown,low,color_cosmetic,0,68,43,61,converted_from_rgb,true
revival,2026,Born Star Eyeshadow,Eyes,Eyeshadow Single,100,On Brand,Nude,Matte,matte,nude,,,unknown,low,color_cosmetic,0,34,44,27,converted_from_rgb,false
revival,2026,Born Star Eyeshadow,Eyes,Eyeshadow Single,130,Hater,Chocolate Brown,Matte,matte,brown,,,unknown,low,color_cosmetic,0,35,44,58,converted_from_rgb,false
revival,2026,Born Star Eyeshadow,Eyes,Eyeshadow Single,120,Delete That,Burgundy,Matte,matte,berry_plum,,,unknown,low,color_cosmetic,0,49,50,54,converted_from_rgb,false
revival,2026,Born Star Eyeshadow,Eyes,Eyeshadow Single,110,Act Natural,Cinnamon,Matte,matte,brown,,,unknown,low,color_cosmetic,0,42,63,43,converted_from_rgb,false
revival,2026,Born Star Eyeshadow,Eyes,Eyeshadow Single,180,Zero Chill,Metallic Silver,Metallic,metallic_shimmer,white_silver,,,unknown,low,color_cosmetic,1,2,0,15,converted_from_rgb,false
revival,2026,Born Star Eyeshadow,Eyes,Eyeshadow Single,170,That's Cute,Metallic Hot Pink,Metallic,metallic_shimmer,pink,,,unknown,low,color_cosmetic,0,56,35,11,converted_from_rgb,false
revival,2026,Born Star Eyeshadow,Eyes,Eyeshadow Single,150,Spicy,Metallic Copper,Metallic,metallic_shimmer,gold_bronze,,,unknown,low,color_cosmetic,0,34,51,24,converted_from_rgb,true
revival,2026,Born Star Eyeshadow,Eyes,Eyeshadow Single,140,Shady,Metallic Champagne,Metallic,metallic_shimmer,gold_bronze,,,unknown,low,color_cosmetic,0,13,16,7,converted_from_rgb,false
revival,2026,Born Star Eyeshadow,Eyes,Eyeshadow Single,230,Serving,Pinky Nude with Iridescent Pearl,Metallic,metallic_shimmer,nude,,,unknown,low,color_cosmetic,0,27,24,28,converted_from_rgb,true
revival,2026,Born Star Eyeshadow,Eyes,Eyeshadow Single,200,Out Late,Metallic Black,Metallic,metallic_shimmer,black_gray,,,unknown,low,color_cosmetic,5,5,0,69,converted_from_rgb,false
revival,2026,Born Star Eyeshadow,Eyes,Eyeshadow Single,220,Mood Swing,Blue and Purple,Duochrome,duochrome,multi_duochrome,,,unknown,low,color_cosmetic,7,28,0,40,converted_from_rgb,true
revival,2026,Born Star Eyeshadow,Eyes,Eyeshadow Single,190,Extra,Metallic Gold,Metallic,metallic_shimmer,gold_bronze,,,unknown,low,color_cosmetic,0,14,54,9,converted_from_rgb,false
revival,2026,Born Star Eyeshadow,Eyes,Eyeshadow Single,210,Clapback,Pink and Bronze Duochrome,Duochrome,duochrome,multi_duochrome,,,unknown,low,color_cosmetic,0,45,43,31,converted_from_rgb,false
revival,2026,Born Star Eyeshadow,Eyes,Eyeshadow Single,160,Cancelled,Green,Metallic,metallic_shimmer,green,,,unknown,low,color_cosmetic,2,0,32,23,converted_from_rgb,true
revival,2026,Flashes Mascara,Eyes,Mascara,2,Cocoa,Cocoa,n/a,none_na,brown,,,unknown,low,color_cosmetic,0,26,36,57,converted_from_rgb,false
revival,2026,Flashes Mascara,Eyes,Mascara,3,Indigo,Indigo,n/a,none_na,blue,,,unknown,low,color_cosmetic,89,70,0,59,converted_from_rgb,false
revival,2026,Flashes Mascara,Eyes,Mascara,1,Onyx,Onyx,n/a,none_na,black_gray,,,unknown,low,color_cosmetic,17,22,0,93,converted_from_rgb,false
revival,2026,Heart On Lipstick,Lips,Lipstick,601,That's Hot,Intense Pop Pink,High Shine,shine_gloss,pink,,,unknown,low,color_cosmetic,0,65,29,1,converted_from_rgb,false
revival,2026,Heart On Lipstick,Lips,Lipstick,600,Pop Off,Bright Electric Purple,High Shine,shine_gloss,purple,,,unknown,low,color_cosmetic,0,65,1,41,converted_from_rgb,false
revival,2026,Heart On Lipstick,Lips,Lipstick,400,On Red,Blue Intense Red,High Shine,shine_gloss,red,,,unknown,low,color_cosmetic,0,86,77,19,converted_from_rgb,false
revival,2026,Heart On Lipstick,Lips,Lipstick,107,Mutuals Only,Deep Warm Brown,High Shine,shine_gloss,brown,,,unknown,low,color_cosmetic,0,49,56,39,converted_from_rgb,false
revival,2026,Heart On Lipstick,Lips,Lipstick,500,Mauve On,Cool Purple Pink,High Shine,shine_gloss,berry_plum,,,unknown,low,color_cosmetic,0,53,45,27,converted_from_rgb,true
revival,2026,Heart On Lipstick,Lips,Lipstick,101,Love Muscle,Cool Fair Beige,High Shine,shine_gloss,nude,,,unknown,low,color_cosmetic,0,36,32,5,converted_from_rgb,false
revival,2026,Heart On Lipstick,Lips,Lipstick,200,Love Drunk,Soft Nude Pink,High Shine,shine_gloss,pink,,,unknown,low,color_cosmetic,0,53,50,4,converted_from_rgb,false
revival,2026,Heart On Lipstick,Lips,Lipstick,102,Lips Don't Lie,Cool Light Brown Beige,High Shine,shine_gloss,nude,,,unknown,low,color_cosmetic,0,37,38,29,converted_from_rgb,false
revival,2026,Heart On Lipstick,Lips,Lipstick,105,Kinky Business,Warm Brown,High Shine,shine_gloss,brown,,,unknown,low,color_cosmetic,0,46,42,36,converted_from_rgb,false
revival,2026,Heart On Lipstick,Lips,Lipstick,301,Hot Blooded,True Warm Orange,High Shine,shine_gloss,coral_orange,,,unknown,low,color_cosmetic,0,63,67,20,converted_from_rgb,false
revival,2026,Heart On Lipstick,Lips,Lipstick,202,Hot & Bothered,Mauvy Deep Pink,High Shine,shine_gloss,pink,,,unknown,low,color_cosmetic,0,70,55,14,converted_from_rgb,false
revival,2026,Heart On Lipstick,Lips,Lipstick,201,Heart Attack,Fresh Vibrant Pink,High Shine,shine_gloss,pink,,,unknown,low,color_cosmetic,0,78,60,6,converted_from_rgb,false
revival,2026,Heart On Lipstick,Lips,Lipstick,108,Heart & Fast,Deep Chocolate Brown,High Shine,shine_gloss,brown,,,unknown,low,color_cosmetic,0,62,59,36,converted_from_rgb,false
revival,2026,Heart On Lipstick,Lips,Lipstick,501,Haute & Naughty,Deep Bright Plum,High Shine,shine_gloss,berry_plum,,,unknown,low,color_cosmetic,0,73,41,37,converted_from_rgb,false
revival,2026,Heart On Lipstick,Lips,Lipstick,300,Fully Loaded,Soft Orange Coral,High Shine,shine_gloss,coral_orange,,,unknown,low,color_cosmetic,0,69,64,15,converted_from_rgb,false
revival,2026,Heart On Lipstick,Lips,Lipstick,104,Eat It Up,Cool Medium Beige,High Shine,shine_gloss,nude,,,unknown,low,color_cosmetic,0,43,42,29,converted_from_rgb,false
revival,2026,Heart On Lipstick,Lips,Lipstick,109,Burning Up,Deep Dark Brown,High Shine,shine_gloss,brown,,,unknown,low,color_cosmetic,0,58,57,56,converted_from_rgb,false
revival,2026,Heart On Lipstick,Lips,Lipstick,106,Burning Desire,Yellow Brown,High Shine,shine_gloss,brown,,,unknown,low,color_cosmetic,0,44,50,26,converted_from_rgb,false
revival,2026,Heart On Lipstick,Lips,Lipstick,103,Booty Call,Warm Maroon Beige,High Shine,shine_gloss,nude,,,unknown,low,color_cosmetic,0,47,53,15,converted_from_rgb,false
revival,2026,Heart On Lipstick,Lips,Lipstick,100,Blow Stick,Warm Fair Beige,High Shine,shine_gloss,nude,,,unknown,low,color_cosmetic,0,27,38,5,converted_from_rgb,false
revival,2026,Joystick Blush,Face,Blush,113,Twin Cheeks,Deep Pink Nude,Natural,natural,pink,,,unknown,low,color_cosmetic,0,69,53,15,converted_from_rgb,false
revival,2026,Joystick Blush,Face,Blush,112,Shady Business,Rosewood Nude,Natural,natural,nude,,,unknown,low,color_cosmetic,0,57,53,18,converted_from_rgb,false
revival,2026,Joystick Blush,Face,Blush,111,Self Centered,Mauvy Nude,Natural,natural,nude,,,unknown,low,color_cosmetic,0,45,41,14,converted_from_rgb,false
revival,2026,Joystick Blush,Face,Blush,511,Pink Kink,Intense Fuchsia,Natural,natural,pink,,,unknown,low,color_cosmetic,0,74,49,1,converted_from_rgb,true
revival,2026,Joystick Blush,Face,Blush,210,Papa Don't Peach,Vibrant Coral,Natural,natural,coral_orange,,,unknown,low,color_cosmetic,0,50,66,0,converted_from_rgb,false
revival,2026,Joystick Blush,Face,Blush,510,Last Word,Vibrant Lilac,Natural,natural,purple,,,unknown,low,color_cosmetic,0,49,15,24,converted_from_rgb,false
revival,2026,Joystick Blush,Face,Blush,110,Hot Flush,Vibrant Fresh Pink,Natural,natural,pink,,,unknown,low,color_cosmetic,0,36,24,1,converted_from_rgb,false
revival,2026,Joystick Blush,Face,Blush,410,Freaks & Cheeks,Deep Plum,Natural,natural,berry_plum,,,unknown,low,color_cosmetic,0,75,50,35,converted_from_rgb,false
revival,2026,Joystick Blush,Face,Blush,310,Cherry Tease,Deep Blue Red,Natural,natural,red,,,unknown,low,color_cosmetic,0,85,69,42,converted_from_rgb,false
revival,2026,Joystick Blush,Face,Blush,211,"Attention, Please",True Orange,Natural,natural,coral_orange,,,unknown,low,color_cosmetic,0,66,83,1,converted_from_rgb,false
revival,2026,Legally Bronze Bronzer,Face,Bronzer,10,Fair,Fair,Natural,natural,brown,1,fair,golden_warm,low,bronzer,0,27,43,23,converted_from_rgb,false
revival,2026,Legally Bronze Bronzer,Face,Bronzer,15,Light,Light,Natural,natural,brown,2,light,golden_warm,low,bronzer,0,34,52,25,converted_from_rgb,false
revival,2026,Legally Bronze Bronzer,Face,Bronzer,20,Light Medium,Light Medium,Natural,natural,brown,3,light_medium,golden_warm,low,bronzer,0,34,54,33,converted_from_rgb,false
revival,2026,Legally Bronze Bronzer,Face,Bronzer,25,Light Medium Plus,Light Medium Plus,Natural,natural,brown,4,light_medium,golden_warm,low,bronzer,0,36,54,34,converted_from_rgb,false
revival,2026,Legally Bronze Bronzer,Face,Bronzer,30,Medium,Medium,Natural,natural,brown,5,medium,golden_warm,low,bronzer,0,38,57,40,converted_from_rgb,false
revival,2026,Legally Bronze Bronzer,Face,Bronzer,35,Medium Plus,Medium Plus,Natural,natural,brown,6,medium,golden_warm,low,bronzer,0,36,51,40,converted_from_rgb,false
revival,2026,Legally Bronze Bronzer,Face,Bronzer,40,Medium Deep,Medium Deep,Natural,natural,brown,7,medium_deep,golden_warm,low,bronzer,0,40,53,56,converted_from_rgb,false
revival,2026,Legally Bronze Bronzer,Face,Bronzer,45,Medium Deep Plus,Medium Deep Plus,Natural,natural,brown,8,medium_deep,golden_warm,low,bronzer,0,39,50,71,converted_from_rgb,false
revival,2026,Legally Bronze Bronzer,Face,Bronzer,50,Deep,Deep,Natural,natural,brown,9,deep,golden_warm,low,bronzer,0,28,39,72,converted_from_rgb,false
revival,2026,Money Shot Highlighter,Face,Highlighter,1,one,one,Shimmer,metallic_shimmer,white_silver,,,unknown,low,highlighter,5,7,0,7,converted_from_rgb,false
original_launch,2013,Remedy Concealer Pen,Face,Concealer,0,Stand Corrected,Stand Corrected,Dewy,natural,nude,1,corrector,neutral_warm,low,corrector,0,13,16,11,source_provided,false
original_launch,2013,Remedy Concealer Pen,Face,Concealer,0,Bright Idea,Bright Idea,Dewy,natural,nude,2,brightener,neutral_warm,low,brightener,0,6,11,10,source_provided,false
original_launch,2013,Remedy Concealer Pen,Face,Concealer,1,Rendezvous,Rendezvous,Dewy,natural,nude,3,fair,neutral_warm,low,skin_tone,0,10,16,12,source_provided,false
original_launch,2013,Remedy Concealer Pen,Face,Concealer,2,Wake-Up Call,Wake-Up Call,Dewy,natural,nude,4,light,neutral_warm,low,skin_tone,0,11,18,11,source_provided,false
original_launch,2013,Remedy Concealer Pen,Face,Concealer,3,Up All Night,Up All Night,Dewy,natural,nude,5,light_medium,golden_warm,low,skin_tone,0,12,22,15,source_provided,false
original_launch,2013,Remedy Concealer Pen,Face,Concealer,4,Late Show,Late Show,Dewy,natural,nude,6,medium,golden_warm,low,skin_tone,0,14,24,16,source_provided,false
original_launch,2013,Remedy Concealer Pen,Face,Concealer,5,Last Call,Last Call,Dewy,natural,nude,7,medium_deep,golden_warm,low,skin_tone,0,16,26,18,source_provided,false
original_launch,2013,Remedy Concealer Pen,Face,Concealer,6,After Hours,After Hours,Dewy,natural,nude,8,deep,golden_warm,low,skin_tone,0,17,27,19,source_provided,false
original_launch,2013,Remedy Concealer Pen,Face,Concealer,7,Past Curfew,Past Curfew,Dewy,natural,nude,9,very_deep,golden_warm,low,skin_tone,0,17,29,22,source_provided,false
original_launch,2013,Genius Gel Super-Charged Foundation,Face,Foundation,10,Ivory Light,Ivory Light,Natural to Full Coverage,natural,nude,1,very_fair,neutral_warm,medium,skin_tone,0,8,16,7,source_provided,false
original_launch,2013,Genius Gel Super-Charged Foundation,Face,Foundation,14,Ivory Medium,Ivory Medium,Natural to Full Coverage,natural,nude,2,fair,neutral_warm,medium,skin_tone,0,9,17,9,source_provided,false
original_launch,2013,Genius Gel Super-Charged Foundation,Face,Foundation,22,Bisque Light,Bisque Light,Natural to Full Coverage,natural,nude,3,light,neutral_warm,medium,skin_tone,0,10,20,9,source_provided,false
original_launch,2013,Genius Gel Super-Charged Foundation,Face,Foundation,26,Bisque Medium,Bisque Medium,Natural to Full Coverage,natural,nude,4,light_medium,golden_warm,medium,skin_tone,0,15,25,18,source_provided,false
original_launch,2013,Genius Gel Super-Charged Foundation,Face,Foundation,32,Beige Light,Beige Light,Natural to Full Coverage,natural,nude,5,light,golden_warm,medium,skin_tone,0,15,25,6,source_provided,false
original_launch,2013,Genius Gel Super-Charged Foundation,Face,Foundation,34,Beige Medium,Beige Medium,Natural to Full Coverage,natural,nude,6,light_medium,golden_warm,medium,skin_tone,0,16,25,8,source_provided,false
original_launch,2013,Genius Gel Super-Charged Foundation,Face,Foundation,36,Beige Deep,Beige Deep,Natural to Full Coverage,natural,nude,7,medium,golden_warm,medium,skin_tone,0,16,26,9,source_provided,false
original_launch,2013,Genius Gel Super-Charged Foundation,Face,Foundation,42,Golden Light,Golden Light,Natural to Full Coverage,natural,nude,8,light,golden_warm,high,skin_tone,0,15,31,8,source_provided,false
original_launch,2013,Genius Gel Super-Charged Foundation,Face,Foundation,44,Golden Medium,Golden Medium,Natural to Full Coverage,natural,nude,9,medium,golden_warm,high,skin_tone,0,17,33,9,source_provided,false
original_launch,2013,Genius Gel Super-Charged Foundation,Face,Foundation,46,Golden Deep,Golden Deep,Natural to Full Coverage,natural,nude,10,medium_deep,golden_warm,high,skin_tone,0,17,30,18,source_provided,false
original_launch,2013,Genius Gel Super-Charged Foundation,Face,Foundation,62,Fawn Light,Fawn Light,Natural to Full Coverage,natural,nude,11,medium,golden_warm,medium,skin_tone,0,18,30,14,source_provided,false
original_launch,2013,Genius Gel Super-Charged Foundation,Face,Foundation,64,Fawn Medium,Fawn Medium,Natural to Full Coverage,natural,nude,12,medium_deep,golden_warm,medium,skin_tone,0,20,33,16,source_provided,false
original_launch,2013,Genius Gel Super-Charged Foundation,Face,Foundation,66,Fawn Deep,Fawn Deep,Natural to Full Coverage,natural,nude,13,deep,golden_warm,medium,skin_tone,0,21,35,17,source_provided,false
original_launch,2013,Genius Gel Super-Charged Foundation,Face,Foundation,82,Cocoa Light,Cocoa Light,Natural to Full Coverage,natural,nude,14,deep,golden_warm,medium,skin_tone,0,26,43,23,source_provided,false
original_launch,2013,Genius Gel Super-Charged Foundation,Face,Foundation,84,Cocoa Medium,Cocoa Medium,Natural to Full Coverage,natural,nude,15,very_deep,golden_warm,medium,skin_tone,0,29,47,31,source_provided,false
original_launch,2013,Genius Gel Super-Charged Foundation,Face,Foundation,86,Cocoa Deep,Cocoa Deep,Natural to Full Coverage,natural,nude,16,very_deep,neutral_warm,medium,skin_tone,0,30,42,43,source_provided,false
original_launch,2013,Perfection Powder Featherweight Foundation,Face,Foundation,120,Ivory,Ivory,Semi-matte,matte,nude,1,very_fair,golden_warm,medium,skin_tone,0,18,38,7,converted_from_rgb,false
original_launch,2013,Perfection Powder Featherweight Foundation,Face,Foundation,200,Ivory Bisque,Ivory Bisque,Semi-matte,matte,nude,2,fair,golden_warm,medium,skin_tone,0,14,30,8,converted_from_rgb,false
original_launch,2013,Perfection Powder Featherweight Foundation,Face,Foundation,240,Bisque,Bisque,Semi-matte,matte,nude,3,light,golden_warm,medium,skin_tone,0,22,45,11,converted_from_rgb,false
original_launch,2013,Perfection Powder Featherweight Foundation,Face,Foundation,300,Beige,Beige,Semi-matte,matte,nude,4,light_medium,golden_warm,medium,skin_tone,0,17,29,15,converted_from_rgb,false
original_launch,2013,Perfection Powder Featherweight Foundation,Face,Foundation,360,Golden,Golden,Semi-matte,matte,nude,5,medium,golden_warm,high,skin_tone,0,23,44,18,converted_from_rgb,false
original_launch,2013,Perfection Powder Featherweight Foundation,Face,Foundation,400,Golden Fawn,Golden Fawn,Semi-matte,matte,nude,6,medium,golden_warm,high,skin_tone,0,22,44,11,converted_from_rgb,false
original_launch,2013,Perfection Powder Featherweight Foundation,Face,Foundation,450,Fawn,Fawn,Semi-matte,matte,nude,7,medium_deep,golden_warm,medium,skin_tone,0,28,49,27,converted_from_rgb,false
original_launch,2013,Perfection Powder Featherweight Foundation,Face,Foundation,500,Fawn Cocoa,Fawn Cocoa,Semi-matte,matte,nude,8,deep,golden_warm,medium,skin_tone,0,22,42,33,converted_from_rgb,false
original_launch,2013,Perfection Powder Featherweight Foundation,Face,Foundation,600,Cocoa,Cocoa,Semi-matte,matte,nude,9,deep,golden_warm,medium,skin_tone,0,42,65,46,converted_from_rgb,false
original_launch,2013,Perfection Powder Featherweight Foundation,Face,Foundation,800,Cocoa Deep,Cocoa Deep,Semi-matte,matte,nude,10,very_deep,neutral_warm,medium,skin_tone,0,29,37,44,converted_from_rgb,false
original_launch,2013,Highliner Gel Crayon,Eyes,Eyeliner,44,TH(ink),Purple,Metallic,metallic_shimmer,purple,,not_applicable,unknown,low,color_cosmetic,51,59,0,59,source_provided,false
original_launch,2013,Highliner Gel Crayon,Eyes,Eyeliner,46,Jazz(berry),Berry,Metallic,metallic_shimmer,berry_plum,,not_applicable,unknown,low,color_cosmetic,0,47,35,43,source_provided,false
original_launch,2013,Highliner Gel Crayon,Eyes,Eyeliner,48,Ro(cocoa),Bronze,Metallic,metallic_shimmer,gold_bronze,,not_applicable,not_applicable,not_applicable,color_cosmetic,0,48,59,55,source_provided,false
original_launch,2013,Highliner Gel Crayon,Eyes,Eyeliner,50,N(ice),Silver,Metallic,metallic_shimmer,white_silver,,not_applicable,not_applicable,not_applicable,color_cosmetic,0,0,0,20,source_provided,false
original_launch,2013,Highliner Gel Crayon,Eyes,Eyeliner,52,Intro(vert),Green,Metallic,metallic_shimmer,green,,not_applicable,not_applicable,not_applicable,color_cosmetic,41,0,3,41,source_provided,false
original_launch,2013,Highliner Gel Crayon,Eyes,Eyeliner,0,Blackquer,Black,Matte,matte,black_gray,,not_applicable,not_applicable,not_applicable,color_cosmetic,0,0,0,92,source_provided,false
original_launch,2013,Lust for Lacquer Lip Vinyl,Lips,Lip Gloss,202,Paint It,Soft rose,Gloss,shine_gloss,pink,,not_applicable,not_applicable,not_applicable,color_cosmetic,0,65,58,22,source_provided,false
original_launch,2013,Lust for Lacquer Lip Vinyl,Lips,Lip Gloss,204,Gypsy,Orange,Gloss,shine_gloss,coral_orange,,not_applicable,not_applicable,not_applicable,color_cosmetic,0,76,75,9,source_provided,false
original_launch,2013,Lust for Lacquer Lip Vinyl,Lips,Lip Gloss,206,Fame,Plum,Gloss,shine_gloss,berry_plum,,not_applicable,not_applicable,not_applicable,color_cosmetic,0,78,62,40,source_provided,false
original_launch,2013,Lust for Lacquer Lip Vinyl,Lips,Lip Gloss,208,Truth or Dare,Berry,Gloss,shine_gloss,berry_plum,,not_applicable,not_applicable,not_applicable,color_cosmetic,0,75,42,47,source_provided,false
original_launch,2013,Lust for Lacquer Lip Vinyl,Lips,Lip Gloss,210,Boom Boom,Bright berry,Shimmer,metallic_shimmer,berry_plum,,not_applicable,not_applicable,not_applicable,color_cosmetic,0,92,62,9,source_provided,false
original_launch,2013,Lust for Lacquer Lip Vinyl,Lips,Lip Gloss,212,No Regrets,Red,Gloss,shine_gloss,red,,not_applicable,not_applicable,not_applicable,color_cosmetic,0,90,87,24,source_provided,false
original_launch,2013,Lust for Lacquer Lip Vinyl,Lips,Lip Gloss,302,Kissability,Shimmering lilac pink,Shimmer,metallic_shimmer,pink,,not_applicable,not_applicable,not_applicable,color_cosmetic,0,46,41,16,source_provided,false
original_launch,2013,Lust for Lacquer Lip Vinyl,Lips,Lip Gloss,304,Overprotected,Shimmering pastel,Shimmer,metallic_shimmer,nude,,not_applicable,not_applicable,not_applicable,color_cosmetic,0,33,27,4,source_provided,false
original_launch,2013,Lust for Lacquer Lip Vinyl,Lips,Lip Gloss,306,Sweet Escape,Shimmering beige,Shimmer,metallic_shimmer,nude,,not_applicable,not_applicable,not_applicable,color_cosmetic,0,32,38,7,source_provided,false
original_launch,2013,Lust for Lacquer Lip Vinyl,Lips,Lip Gloss,308,Heart Shaped,Shimmering baby pink,Shimmer,metallic_shimmer,pink,,not_applicable,not_applicable,not_applicable,color_cosmetic,0,53,51,1,source_provided,false
original_launch,2013,Lust for Lacquer Lip Vinyl,Lips,Lip Gloss,310,Studded Kiss,Shimmering berry lavender,Glitter,metallic_shimmer,berry_plum,,not_applicable,not_applicable,not_applicable,color_cosmetic,0,64,14,38,source_provided,false
original_launch,2013,Lust for Lacquer Lip Vinyl,Lips,Lip Gloss,312,Lust for Life,Shimmering reddish raspberry,Glitter,metallic_shimmer,berry_plum,,not_applicable,not_applicable,not_applicable,color_cosmetic,0,87,75,33,source_provided,false
original_launch,2013,Lovemarc Lip Gel,Lips,Lipstick,102,Strange Magic,Beige,Shine,shine_gloss,nude,,not_applicable,not_applicable,not_applicable,color_cosmetic,0,34,40,14,source_provided,false
original_launch,2013,Lovemarc Lip Gel,Lips,Lipstick,106,Moody Margot,Neutral beige,Shine,shine_gloss,nude,,not_applicable,not_applicable,not_applicable,color_cosmetic,0,35,46,20,source_provided,false
original_launch,2013,Lovemarc Lip Gel,Lips,Lipstick,108,Have We Met,Rosy pink,Shine,shine_gloss,pink,,not_applicable,not_applicable,not_applicable,color_cosmetic,0,48,47,15,source_provided,false
original_launch,2013,Lovemarc Lip Gel,Lips,Lipstick,110,Role Play,Mauve,Shine,shine_gloss,berry_plum,,not_applicable,not_applicable,not_applicable,color_cosmetic,0,49,52,36,source_provided,false
original_launch,2013,Lovemarc Lip Gel,Lips,Lipstick,112,Severine,Brown,Shine,shine_gloss,brown,,not_applicable,not_applicable,not_applicable,color_cosmetic,0,53,64,40,source_provided,false
original_launch,2013,Lovemarc Lip Gel,Lips,Lipstick,114,Understudy,Rosy mauve,Shine,shine_gloss,berry_plum,,not_applicable,not_applicable,not_applicable,color_cosmetic,0,49,52,25,source_provided,false
original_launch,2013,Lovemarc Lip Gel,Lips,Lipstick,116,Happy Ending,Pink,Shine,shine_gloss,pink,,not_applicable,not_applicable,not_applicable,color_cosmetic,0,59,44,2,source_provided,false
original_launch,2013,Lovemarc Lip Gel,Lips,Lipstick,118,Roll the Dice,Fuchsia,Shine,shine_gloss,pink,,not_applicable,not_applicable,not_applicable,color_cosmetic,0,93,68,16,source_provided,false
original_launch,2013,Lovemarc Lip Gel,Lips,Lipstick,120,Voila!,Fuchsia red,Shine,shine_gloss,red,,not_applicable,not_applicable,not_applicable,color_cosmetic,0,94,73,20,source_provided,false
original_launch,2013,Lovemarc Lip Gel,Lips,Lipstick,122,All the Way,Orange,Shine,shine_gloss,coral_orange,,not_applicable,not_applicable,not_applicable,color_cosmetic,0,83,90,4,source_provided,false
original_launch,2013,Lovemarc Lip Gel,Lips,Lipstick,124,Surrender Dorothy,Red,Shine,shine_gloss,red,,not_applicable,not_applicable,not_applicable,color_cosmetic,0,87,92,37,source_provided,false
original_launch,2013,Lovemarc Lip Gel,Lips,Lipstick,126,Neo-Noir,Deep red,Shine,shine_gloss,red,,not_applicable,not_applicable,not_applicable,color_cosmetic,0,97,100,44,source_provided,false
original_launch,2013,Lovemarc Lip Gel,Lips,Lipstick,128,Seduce Me,Berry,Shine,shine_gloss,berry_plum,,not_applicable,not_applicable,not_applicable,color_cosmetic,0,74,63,51,source_provided,false
original_launch,2013,Lovemarc Lip Gel,Lips,Lipstick,130,Little Pretty,Purple,Shine,shine_gloss,purple,,not_applicable,not_applicable,not_applicable,color_cosmetic,0,71,6,73,source_provided,false
original_launch,2013,Lovemarc Lip Gel,Lips,Lipstick,132,Saboteur,Wine,Shine,shine_gloss,berry_plum,,not_applicable,not_applicable,not_applicable,color_cosmetic,0,75,75,64,source_provided,false
original_launch,2013,Shameless Bold Blush,Face,Blush,202,Naughty,Rosy beige,Matte,matte,nude,,not_applicable,not_applicable,not_applicable,color_cosmetic,0,20,24,12,source_provided,false
original_launch,2013,Shameless Bold Blush,Face,Blush,204,Obsessed,Burnt rose,Matte,matte,berry_plum,,not_applicable,not_applicable,not_applicable,color_cosmetic,0,50,54,16,source_provided,false
original_launch,2013,Shameless Bold Blush,Face,Blush,206,Reckless,Plum,Matte,matte,berry_plum,,not_applicable,not_applicable,not_applicable,color_cosmetic,0,42,42,27,source_provided,false
original_launch,2013,Shameless Bold Blush,Face,Blush,208,Provocative,Rust,Matte,matte,coral_orange,,not_applicable,not_applicable,not_applicable,color_cosmetic,0,48,62,27,source_provided,false
original_launch,2013,Shameless Bold Blush,Face,Blush,210,Irresistible,Copper,Matte,matte,gold_bronze,,not_applicable,not_applicable,not_applicable,color_cosmetic,0,53,64,30,source_provided,false
original_launch,2013,Shameless Bold Blush,Face,Blush,212,Outspoken,Violet,Matte,matte,purple,,not_applicable,not_applicable,not_applicable,color_cosmetic,0,37,19,27,source_provided,false
original_launch,2013,Shameless Bold Blush,Face,Blush,214,Promiscuous,Berry,Matte,matte,berry_plum,,not_applicable,not_applicable,not_applicable,color_cosmetic,0,51,47,31,source_provided,false
original_launch,2013,Shameless Bold Blush,Face,Blush,216,Rebellious,Pink berry,Matte,matte,pink,,not_applicable,not_applicable,not_applicable,color_cosmetic,0,56,44,25,source_provided,false
original_launch,2013,Shameless Bold Blush,Face,Blush,218,Tantalizing,Deep berry,Matte,matte,berry_plum,,not_applicable,not_applicable,not_applicable,color_cosmetic,0,60,48,47,source_provided,false
original_launch,2013,O!mega Bronze Perfect Tan,Face,Bronzer,,Tantric,Universal,Radiant-matte,matte,brown,1,universal,golden_warm,medium,bronzer,0,29,44,15,source_provided,false
original_launch,2013,Lip Lock Moisture Balm,Lips,Lip Balm,,Makeout,Translucent,Translucent,none_na,clear_translucent,not_applicable,not_applicable,not_applicable,not_applicable,balm,,,,,missing,false
original_launch,2013,Style Eye-con No. 3 Plush Shadow Palette,Eyes,Eyeshadow Palette,102,The Ingenue,Dirty beige,Satin,sheen,nude,not_applicable,not_applicable,not_applicable,not_applicable,color_cosmetic,0,18,33,25,source_provided,false
original_launch,2013,Style Eye-con No. 3 Plush Shadow Palette,Eyes,Eyeshadow Palette,102,The Ingenue,Taupe,Metallic,metallic_shimmer,brown,not_applicable,not_applicable,not_applicable,not_applicable,color_cosmetic,0,15,24,37,source_provided,false
original_launch,2013,Style Eye-con No. 3 Plush Shadow Palette,Eyes,Eyeshadow Palette,102,The Ingenue,Warm taupe,Sheen,metallic_shimmer,brown,not_applicable,not_applicable,not_applicable,not_applicable,color_cosmetic,0,15,24,31,source_provided,false
original_launch,2013,Style Eye-con No. 3 Plush Shadow Palette,Eyes,Eyeshadow Palette,104,The Punk,Gray,Shimmer,metallic_shimmer,black_gray,not_applicable,not_applicable,not_applicable,not_applicable,color_cosmetic,0,13,16,38,source_provided,false
original_launch,2013,Style Eye-con No. 3 Plush Shadow Palette,Eyes,Eyeshadow Palette,104,The Punk,Violet,Sheen,metallic_shimmer,purple,not_applicable,not_applicable,not_applicable,not_applicable,color_cosmetic,23,45,0,53,source_provided,false
original_launch,2013,Style Eye-con No. 3 Plush Shadow Palette,Eyes,Eyeshadow Palette,104,The Punk,Eggplant,Matte,matte,purple,not_applicable,not_applicable,not_applicable,not_applicable,color_cosmetic,2,39,0,49,source_provided,false
original_launch,2013,Style Eye-con No. 3 Plush Shadow Palette,Eyes,Eyeshadow Palette,106,The Rebel,Beige,Satin,sheen,nude,not_applicable,not_applicable,not_applicable,not_applicable,color_cosmetic,0,17,27,19,source_provided,false
original_launch,2013,Style Eye-con No. 3 Plush Shadow Palette,Eyes,Eyeshadow Palette,106,The Rebel,Fuchsia purple,Sheen,metallic_shimmer,purple,not_applicable,not_applicable,not_applicable,not_applicable,color_cosmetic,0,62,25,47,source_provided,false
original_launch,2013,Style Eye-con No. 3 Plush Shadow Palette,Eyes,Eyeshadow Palette,106,The Rebel,Blackened eggplant,Matte,matte,purple,not_applicable,not_applicable,not_applicable,not_applicable,color_cosmetic,0,22,11,75,source_provided,false
original_launch,2013,Style Eye-con No. 3 Plush Shadow Palette,Eyes,Eyeshadow Palette,108,The Glam,Warm cream,Matte,matte,nude,not_applicable,not_applicable,not_applicable,not_applicable,color_cosmetic,0,18,40,14,source_provided,false
original_launch,2013,Style Eye-con No. 3 Plush Shadow Palette,Eyes,Eyeshadow Palette,108,The Glam,Metallic bronze with gold shimmer,Metallic,metallic_shimmer,gold_bronze,not_applicable,not_applicable,not_applicable,not_applicable,color_cosmetic,0,22,28,48,source_provided,false
original_launch,2013,Style Eye-con No. 3 Plush Shadow Palette,Eyes,Eyeshadow Palette,108,The Glam,Peachy copper sheen,Sheen,metallic_shimmer,coral_orange,not_applicable,not_applicable,not_applicable,not_applicable,color_cosmetic,0,26,42,36,source_provided,false
original_launch,2013,Style Eye-con No. 3 Plush Shadow Palette,Eyes,Eyeshadow Palette,110,The Shoe Grazer,Bronze,Sheen,metallic_shimmer,gold_bronze,not_applicable,not_applicable,not_applicable,not_applicable,color_cosmetic,0,25,44,35,source_provided,false
original_launch,2013,Style Eye-con No. 3 Plush Shadow Palette,Eyes,Eyeshadow Palette,110,The Shoe Grazer,Brown,Matte,matte,brown,not_applicable,not_applicable,not_applicable,not_applicable,color_cosmetic,0,26,29,49,source_provided,false
original_launch,2013,Style Eye-con No. 3 Plush Shadow Palette,Eyes,Eyeshadow Palette,110,The Shoe Grazer,Blue,Sheen,metallic_shimmer,blue,not_applicable,not_applicable,not_applicable,not_applicable,color_cosmetic,30,11,0,37,source_provided,false
original_launch,2013,Style Eye-con No. 3 Plush Shadow Palette,Eyes,Eyeshadow Palette,112,The Mod,Eggshell white,Matte,matte,white_silver,not_applicable,not_applicable,not_applicable,not_applicable,color_cosmetic,0,10,18,11,source_provided,false
original_launch,2013,Style Eye-con No. 3 Plush Shadow Palette,Eyes,Eyeshadow Palette,112,The Mod,Black with iridescent shimmer,Shimmer,metallic_shimmer,black_gray,not_applicable,not_applicable,not_applicable,not_applicable,color_cosmetic,4,7,0,82,source_provided,false
original_launch,2013,Style Eye-con No. 3 Plush Shadow Palette,Eyes,Eyeshadow Palette,112,The Mod,Light grayish taupe,Matte,matte,black_gray,not_applicable,not_applicable,not_applicable,not_applicable,color_cosmetic,0,8,10,33,source_provided,false
original_launch,2013,Style Eye-con No. 7 Plush Shadow Palette,Eyes,Eyeshadow Palette,202,The Tease,Purple palette pan 1,Frost,metallic_shimmer,purple,not_applicable,not_applicable,not_applicable,not_applicable,color_cosmetic,6,28,0,67,source_provided,false
original_launch,2013,Style Eye-con No. 7 Plush Shadow Palette,Eyes,Eyeshadow Palette,202,The Tease,Purple palette pan 2,Satin,sheen,purple,not_applicable,not_applicable,not_applicable,not_applicable,color_cosmetic,0,25,18,57,source_provided,false
original_launch,2013,Style Eye-con No. 7 Plush Shadow Palette,Eyes,Eyeshadow Palette,202,The Tease,Purple palette pan 3,Satin,sheen,purple,not_applicable,not_applicable,not_applicable,not_applicable,color_cosmetic,0,19,15,18,source_provided,false
original_launch,2013,Style Eye-con No. 7 Plush Shadow Palette,Eyes,Eyeshadow Palette,202,The Tease,Purple palette pan 4,Frost,metallic_shimmer,berry_plum,not_applicable,not_applicable,not_applicable,not_applicable,color_cosmetic,0,29,35,14,source_provided,false
original_launch,2013,Style Eye-con No. 7 Plush Shadow Palette,Eyes,Eyeshadow Palette,202,The Tease,Purple palette pan 5,Frost,metallic_shimmer,berry_plum,not_applicable,not_applicable,not_applicable,not_applicable,color_cosmetic,0,32,31,11,source_provided,false
original_launch,2013,Style Eye-con No. 7 Plush Shadow Palette,Eyes,Eyeshadow Palette,202,The Tease,Purple palette pan 6,Matte,matte,purple,not_applicable,not_applicable,not_applicable,not_applicable,color_cosmetic,0,62,25,47,source_provided,false
original_launch,2013,Style Eye-con No. 7 Plush Shadow Palette,Eyes,Eyeshadow Palette,202,The Tease,Purple palette pan 7,Pearl,metallic_shimmer,berry_plum,not_applicable,not_applicable,not_applicable,not_applicable,color_cosmetic,0,49,38,79,source_provided,false
original_launch,2013,Style Eye-con No. 7 Plush Shadow Palette,Eyes,Eyeshadow Palette,204,The Starlet,Earth palette pan 1,Frost,metallic_shimmer,brown,not_applicable,not_applicable,not_applicable,not_applicable,color_cosmetic,0,32,37,32,source_provided,false
original_launch,2013,Style Eye-con No. 7 Plush Shadow Palette,Eyes,Eyeshadow Palette,204,The Starlet,Earth palette pan 2,Metallic,metallic_shimmer,brown,not_applicable,not_applicable,not_applicable,not_applicable,color_cosmetic,0,25,29,29,source_provided,false
original_launch,2013,Style Eye-con No. 7 Plush Shadow Palette,Eyes,Eyeshadow Palette,204,The Starlet,Earth palette pan 3,Frost,metallic_shimmer,brown,not_applicable,not_applicable,not_applicable,not_applicable,color_cosmetic,0,39,50,53,source_provided,false
original_launch,2013,Style Eye-con No. 7 Plush Shadow Palette,Eyes,Eyeshadow Palette,204,The Starlet,Earth palette pan 4,Metallic,metallic_shimmer,gold_bronze,not_applicable,not_applicable,not_applicable,not_applicable,color_cosmetic,0,43,68,22,source_provided,false
original_launch,2013,Style Eye-con No. 7 Plush Shadow Palette,Eyes,Eyeshadow Palette,204,The Starlet,Earth palette pan 5,Metallic,metallic_shimmer,gold_bronze,not_applicable,not_applicable,not_applicable,not_applicable,color_cosmetic,0,20,50,13,source_provided,false
original_launch,2013,Style Eye-con No. 7 Plush Shadow Palette,Eyes,Eyeshadow Palette,204,The Starlet,Earth palette pan 6,Metallic,metallic_shimmer,nude,not_applicable,not_applicable,not_applicable,not_applicable,color_cosmetic,0,7,9,21,source_provided,false
original_launch,2013,Style Eye-con No. 7 Plush Shadow Palette,Eyes,Eyeshadow Palette,204,The Starlet,Earth palette pan 7,Shimmer,metallic_shimmer,brown,not_applicable,not_applicable,not_applicable,not_applicable,color_cosmetic,0,19,17,50,source_provided,false
original_launch,2013,Style Eye-con No. 7 Plush Shadow Palette,Eyes,Eyeshadow Palette,206,The Lolita,Beige and brown palette pan 1,Matte,matte,nude,not_applicable,not_applicable,not_applicable,not_applicable,color_cosmetic,0,6,13,9,source_provided,false
original_launch,2013,Style Eye-con No. 7 Plush Shadow Palette,Eyes,Eyeshadow Palette,206,The Lolita,Beige and brown palette pan 2,Matte,matte,nude,not_applicable,not_applicable,not_applicable,not_applicable,color_cosmetic,0,19,28,18,source_provided,false
original_launch,2013,Style Eye-con No. 7 Plush Shadow Palette,Eyes,Eyeshadow Palette,206,The Lolita,Beige and brown palette pan 3,Shimmer,metallic_shimmer,brown,not_applicable,not_applicable,not_applicable,not_applicable,color_cosmetic,0,25,26,63,source_provided,false
original_launch,2013,Style Eye-con No. 7 Plush Shadow Palette,Eyes,Eyeshadow Palette,206,The Lolita,Beige and brown palette pan 4,Metallic,metallic_shimmer,nude,not_applicable,not_applicable,not_applicable,not_applicable,color_cosmetic,0,10,9,17,source_provided,false
original_launch,2013,Style Eye-con No. 7 Plush Shadow Palette,Eyes,Eyeshadow Palette,206,The Lolita,Beige and brown palette pan 5,Pearl,metallic_shimmer,nude,not_applicable,not_applicable,not_applicable,not_applicable,color_cosmetic,0,12,15,8,source_provided,false
original_launch,2013,Style Eye-con No. 7 Plush Shadow Palette,Eyes,Eyeshadow Palette,206,The Lolita,Beige and brown palette pan 6,Metallic,metallic_shimmer,nude,not_applicable,not_applicable,not_applicable,not_applicable,color_cosmetic,0,13,14,13,source_provided,false
original_launch,2013,Style Eye-con No. 7 Plush Shadow Palette,Eyes,Eyeshadow Palette,206,The Lolita,Beige and brown palette pan 7,Metallic,metallic_shimmer,brown,not_applicable,not_applicable,not_applicable,not_applicable,color_cosmetic,0,32,32,15,source_provided,false
original_launch,2013,Style Eye-con No. 7 Plush Shadow Palette,Eyes,Eyeshadow Palette,208,The Vamp,"Plum, green, and gray palette pan 1",Satin,sheen,blue,not_applicable,not_applicable,not_applicable,not_applicable,color_cosmetic,36,22,0,49,source_provided,false
original_launch,2013,Style Eye-con No. 7 Plush Shadow Palette,Eyes,Eyeshadow Palette,208,The Vamp,"Plum, green, and gray palette pan 2",Shimmer,metallic_shimmer,white_silver,not_applicable,not_applicable,not_applicable,not_applicable,color_cosmetic,6,4,0,16,source_provided,false
original_launch,2013,Style Eye-con No. 7 Plush Shadow Palette,Eyes,Eyeshadow Palette,208,The Vamp,"Plum, green, and gray palette pan 3",Satin,sheen,white_silver,not_applicable,not_applicable,not_applicable,not_applicable,color_cosmetic,0,0,0,3,source_provided,false
original_launch,2013,Style Eye-con No. 7 Plush Shadow Palette,Eyes,Eyeshadow Palette,208,The Vamp,"Plum, green, and gray palette pan 4",Shimmer,metallic_shimmer,purple,not_applicable,not_applicable,not_applicable,not_applicable,color_cosmetic,0,26,9,17,source_provided,false
original_launch,2013,Style Eye-con No. 7 Plush Shadow Palette,Eyes,Eyeshadow Palette,208,The Vamp,"Plum, green, and gray palette pan 5",Shimmer,metallic_shimmer,green,not_applicable,not_applicable,not_applicable,not_applicable,color_cosmetic,22,0,4,28,source_provided,false
original_launch,2013,Style Eye-con No. 7 Plush Shadow Palette,Eyes,Eyeshadow Palette,208,The Vamp,"Plum, green, and gray palette pan 6",Shimmer,metallic_shimmer,brown,not_applicable,not_applicable,not_applicable,not_applicable,color_cosmetic,0,10,17,35,source_provided,false
original_launch,2013,Style Eye-con No. 7 Plush Shadow Palette,Eyes,Eyeshadow Palette,208,The Vamp,"Plum, green, and gray palette pan 7",Glitter,metallic_shimmer,blue,not_applicable,not_applicable,not_applicable,not_applicable,color_cosmetic,16,7,0,59,source_provided,false