ERA,LAUNCH_YEAR,CATEGORY,PRODUCT_TYPE,PRODUCT_NAME,FORMULA,FINISH,FINISH_GROUP,SHADE_CODE,PAN_NUMBER,SHADE_NAME,SHADE_DESCRIPTION,COLOR_FAMILY,SHADE_DEPTH_ORDER,SHADE_DEPTH_GROUP,UNDERTONE_INFERRED_CMYK,UNDERTONE_CONFIDENCE,SHADE_FUNCTION,STICKER_PRICE,SIZE_OZ,PRICE_PER_OZ,C_PCT,M_PCT,Y_PCT,K_PCT,R_PCT,G_PCT,B_PCT,R_255,G_255,B_255,COLOR_VALUE_SOURCE,IS_COMPLEXION,IS_COLOR_COSMETIC,IS_MULTIUSE,IS_POWDER,IS_CREAM,IS_OUT_OF_STOCK,OOS_CAPTURE_DATE,SHADE_COUNT_FOR_PRODUCT,SOURCE_URL
revival,2026,Eyes,Eyeliner,Drawn This Way Eyeliner,Gel,Metallic,metallic_shimmer,260,,You Up?,Pink Glitter,pink,,,unknown,low,color_cosmetic,26,0.04,650,0,64,36,4,0.96,0.3456,0.6144,245,88,157,converted_from_rgb,FALSE,TRUE,FALSE,FALSE,FALSE,FALSE,6/26/2026,21,https://www.marcjacobs.com/us-en/drawn-this-way-eyeliner/2P6BEY000004-002.html
revival,2026,Eyes,Eyeliner,Drawn This Way Eyeliner,Gel,Metallic,metallic_shimmer,270,,Unhinged,Turquoise Glitter,blue,,,unknown,low,color_cosmetic,26,0.04,650,50,11,0,10,0.45,0.801,0.9,115,204,230,converted_from_rgb,FALSE,TRUE,FALSE,FALSE,FALSE,FALSE,6/26/2026,21,https://www.marcjacobs.com/us-en/drawn-this-way-eyeliner/2P6BEY000004-002.html
revival,2026,Eyes,Eyeliner,Drawn This Way Eyeliner,Gel,Duochrome,duochrome,300,,So Tea,Bronze Duochrome,multi_duochrome,,,unknown,low,color_cosmetic,26,0.04,650,0,40,48,36,0.64,0.384,0.3328,163,98,85,converted_from_rgb,FALSE,TRUE,FALSE,FALSE,FALSE,FALSE,6/26/2026,21,https://www.marcjacobs.com/us-en/drawn-this-way-eyeliner/2P6BEY000004-002.html
revival,2026,Eyes,Eyeliner,Drawn This Way Eyeliner,Gel,Metallic,metallic_shimmer,240,,No Cap,Metallic Emerald,green,,,unknown,low,color_cosmetic,26,0.04,650,55,0,17,57,0.1935,0.43,0.3569,49,110,91,converted_from_rgb,FALSE,TRUE,FALSE,FALSE,FALSE,FALSE,6/26/2026,21,https://www.marcjacobs.com/us-en/drawn-this-way-eyeliner/2P6BEY000004-002.html
revival,2026,Eyes,Eyeliner,Drawn This Way Eyeliner,Gel,Metallic,metallic_shimmer,280,,Hmu,Ultra Black Glitter,black_gray,,,unknown,low,color_cosmetic,26,0.04,650,0,0,0,81,0.19,0.19,0.19,48,48,48,converted_from_rgb,FALSE,TRUE,FALSE,FALSE,FALSE,FALSE,6/26/2026,21,https://www.marcjacobs.com/us-en/drawn-this-way-eyeliner/2P6BEY000004-002.html
revival,2026,Eyes,Eyeliner,Drawn This Way Eyeliner,Gel,Metallic,metallic_shimmer,220,,Do Better,Metallic Copper,gold_bronze,,,unknown,low,color_cosmetic,26,0.04,650,0,34,51,36,0.64,0.4224,0.3136,163,108,80,converted_from_rgb,FALSE,TRUE,FALSE,FALSE,FALSE,FALSE,6/26/2026,21,https://www.marcjacobs.com/us-en/drawn-this-way-eyeliner/2P6BEY000004-002.html
revival,2026,Eyes,Eyeliner,Drawn This Way Eyeliner,Gel,Metallic,metallic_shimmer,290,,Delulu,Lilac Duochrome,multi_duochrome,,,unknown,low,color_cosmetic,26,0.04,650,7,13,0,4,0.8928,0.8352,0.96,228,213,245,converted_from_rgb,FALSE,TRUE,FALSE,FALSE,FALSE,FALSE,6/26/2026,21,https://www.marcjacobs.com/us-en/drawn-this-way-eyeliner/2P6BEY000004-002.html
revival,2026,Eyes,Eyeliner,Drawn This Way Eyeliner,Gel,Metallic,metallic_shimmer,250,,Booboo,Metallic Teal,blue,,,unknown,low,color_cosmetic,26,0.04,650,84,31,0,52,0.0768,0.3312,0.48,20,84,122,converted_from_rgb,FALSE,TRUE,FALSE,FALSE,FALSE,FALSE,6/26/2026,21,https://www.marcjacobs.com/us-en/drawn-this-way-eyeliner/2P6BEY000004-002.html
revival,2026,Eyes,Eyeliner,Drawn This Way Eyeliner,Gel,Metallic,metallic_shimmer,210,,Blocked,Metallic Gold,gold_bronze,,,unknown,low,color_cosmetic,26,0.04,650,0,16,32,7,0.93,0.7812,0.6324,237,199,161,converted_from_rgb,FALSE,TRUE,FALSE,FALSE,FALSE,FALSE,6/26/2026,21,https://www.marcjacobs.com/us-en/drawn-this-way-eyeliner/2P6BEY000004-002.html
revival,2026,Eyes,Eyeliner,Drawn This Way Eyeliner,Gel,Metallic,metallic_shimmer,230,,Big Flex,Metallic Silver,white_silver,,,unknown,low,color_cosmetic,26,0.04,650,0,0,0,9,0.91,0.91,0.91,232,232,232,converted_from_rgb,FALSE,TRUE,FALSE,FALSE,FALSE,FALSE,6/26/2026,21,https://www.marcjacobs.com/us-en/drawn-this-way-eyeliner/2P6BEY000004-002.html
revival,2026,Eyes,Eyeliner,Drawn This Way Eyeliner,Gel,Matte,matte,160,,You Wish,Matte Chocolate Brown,brown,,,unknown,low,color_cosmetic,26,0.04,650,0,38,45,73,0.27,0.1674,0.1485,69,43,38,converted_from_rgb,FALSE,TRUE,FALSE,FALSE,FALSE,FALSE,6/26/2026,21,https://www.marcjacobs.com/us-en/drawn-this-way-eyeliner/2P6BEY000004-002.html
revival,2026,Eyes,Eyeliner,Drawn This Way Eyeliner,Gel,Matte,matte,170,,Try Me,Matte Olive Green,green,,,unknown,low,color_cosmetic,26,0.04,650,3,0,18,64,0.3492,0.36,0.2952,89,92,75,converted_from_rgb,FALSE,TRUE,FALSE,FALSE,FALSE,FALSE,6/26/2026,21,https://www.marcjacobs.com/us-en/drawn-this-way-eyeliner/2P6BEY000004-002.html
revival,2026,Eyes,Eyeliner,Drawn This Way Eyeliner,Gel,Matte,matte,130,,Take Notes,Matte Electric Blue,blue,,,unknown,low,color_cosmetic,26,0.04,650,82,66,0,32,0.1224,0.2312,0.68,31,59,173,converted_from_rgb,FALSE,TRUE,FALSE,FALSE,FALSE,FALSE,6/26/2026,21,https://www.marcjacobs.com/us-en/drawn-this-way-eyeliner/2P6BEY000004-002.html
revival,2026,Eyes,Eyeliner,Drawn This Way Eyeliner,Gel,Matte,matte,100,,Salty,Matte White,white_silver,,,unknown,low,color_cosmetic,26,0.04,650,0,0,1,4,0.96,0.96,0.9504,245,245,242,converted_from_rgb,FALSE,TRUE,FALSE,FALSE,FALSE,FALSE,6/26/2026,21,https://www.marcjacobs.com/us-en/drawn-this-way-eyeliner/2P6BEY000004-002.html
revival,2026,Eyes,Eyeliner,Drawn This Way Eyeliner,Gel,Matte,matte,110,,Nude Attitude,Matte Peach,coral_orange,,,unknown,low,color_cosmetic,26,0.04,650,0,14,22,5,0.95,0.817,0.741,242,208,189,converted_from_rgb,FALSE,TRUE,FALSE,FALSE,FALSE,FALSE,6/26/2026,21,https://www.marcjacobs.com/us-en/drawn-this-way-eyeliner/2P6BEY000004-002.html
revival,2026,Eyes,Eyeliner,Drawn This Way Eyeliner,Gel,Matte,matte,150,,Not Playing,Matte Eggplant,purple,,,unknown,low,color_cosmetic,26,0.04,650,0,39,12,74,0.26,0.1586,0.2288,66,40,58,converted_from_rgb,FALSE,TRUE,FALSE,FALSE,FALSE,FALSE,6/26/2026,21,https://www.marcjacobs.com/us-en/drawn-this-way-eyeliner/2P6BEY000004-002.html
revival,2026,Eyes,Eyeliner,Drawn This Way Eyeliner,Gel,Matte,matte,200,,No Shade,Matte Ultra Black,black_gray,,,unknown,low,color_cosmetic,26,0.04,650,2,2,0,82,0.1764,0.1764,0.18,45,45,46,converted_from_rgb,FALSE,TRUE,FALSE,FALSE,FALSE,FALSE,6/26/2026,21,https://www.marcjacobs.com/us-en/drawn-this-way-eyeliner/2P6BEY000004-002.html
revival,2026,Eyes,Eyeliner,Drawn This Way Eyeliner,Gel,Matte,matte,120,,Hot Take,Daisy Yellow,yellow,,,unknown,low,color_cosmetic,26,0.04,650,0,11,45,0,1,0.89,0.55,255,227,140,converted_from_rgb,FALSE,TRUE,FALSE,FALSE,FALSE,TRUE,6/26/2026,21,https://www.marcjacobs.com/us-en/drawn-this-way-eyeliner/2P6BEY000004-002.html
revival,2026,Eyes,Eyeliner,Drawn This Way Eyeliner,Gel,Matte,matte,190,,Hit It,Matte Navy Blue,blue,,,unknown,low,color_cosmetic,26,0.04,650,47,34,0,63,0.1961,0.2442,0.37,50,62,94,converted_from_rgb,FALSE,TRUE,FALSE,FALSE,FALSE,FALSE,6/26/2026,21,https://www.marcjacobs.com/us-en/drawn-this-way-eyeliner/2P6BEY000004-002.html
revival,2026,Eyes,Eyeliner,Drawn This Way Eyeliner,Gel,Matte,matte,180,,Gagged,Matte Charcoal Grey,black_gray,,,unknown,low,color_cosmetic,26,0.04,650,0,0,0,74,0.26,0.26,0.26,66,66,66,converted_from_rgb,FALSE,TRUE,FALSE,FALSE,FALSE,FALSE,6/26/2026,21,https://www.marcjacobs.com/us-en/drawn-this-way-eyeliner/2P6BEY000004-002.html
revival,2026,Eyes,Eyeliner,Drawn This Way Eyeliner,Gel,Matte,matte,140,,Facts,Matte Burgundy,berry_plum,,,unknown,low,color_cosmetic,26,0.04,650,0,68,43,61,0.39,0.1248,0.2223,99,32,57,converted_from_rgb,FALSE,TRUE,FALSE,FALSE,FALSE,TRUE,6/26/2026,21,https://www.marcjacobs.com/us-en/drawn-this-way-eyeliner/2P6BEY000004-002.html
revival,2026,Eyes,Eyeshadow Single,Born Star Eyeshadow,Cream To Powder,Matte,matte,100,,On Brand,Nude,nude,,,unknown,low,color_cosmetic,29,0.05,580,0,34,44,27,0.73,0.4818,0.4088,186,123,104,converted_from_rgb,FALSE,TRUE,FALSE,TRUE,TRUE,FALSE,6/26/2026,14,mjb_2026.txt
revival,2026,Eyes,Eyeshadow Single,Born Star Eyeshadow,Cream To Powder,Matte,matte,130,,Hater,Chocolate Brown,brown,,,unknown,low,color_cosmetic,29,0.05,580,0,35,44,58,0.42,0.273,0.2352,107,70,60,converted_from_rgb,FALSE,TRUE,FALSE,TRUE,TRUE,FALSE,6/26/2026,14,mjb_2026.txt
revival,2026,Eyes,Eyeshadow Single,Born Star Eyeshadow,Cream To Powder,Matte,matte,120,,Delete That,Burgundy,berry_plum,,,unknown,low,color_cosmetic,29,0.05,580,0,49,50,54,0.46,0.2346,0.23,117,60,59,converted_from_rgb,FALSE,TRUE,FALSE,TRUE,TRUE,FALSE,6/26/2026,14,mjb_2026.txt
revival,2026,Eyes,Eyeshadow Single,Born Star Eyeshadow,Cream To Powder,Matte,matte,110,,Act Natural,Cinnamon,brown,,,unknown,low,color_cosmetic,29,0.05,580,0,42,63,43,0.57,0.3306,0.2109,145,84,54,converted_from_rgb,FALSE,TRUE,FALSE,TRUE,TRUE,FALSE,6/26/2026,14,mjb_2026.txt
revival,2026,Eyes,Eyeshadow Single,Born Star Eyeshadow,Cream To Powder,Metallic,metallic_shimmer,180,,Zero Chill,Metallic Silver,white_silver,,,unknown,low,color_cosmetic,29,0.05,580,1,2,0,15,0.8415,0.833,0.85,215,212,217,converted_from_rgb,FALSE,TRUE,FALSE,TRUE,TRUE,FALSE,6/26/2026,14,mjb_2026.txt
revival,2026,Eyes,Eyeshadow Single,Born Star Eyeshadow,Cream To Powder,Metallic,metallic_shimmer,170,,That's Cute,Metallic Hot Pink,pink,,,unknown,low,color_cosmetic,29,0.05,580,0,56,35,11,0.89,0.3916,0.5785,227,100,148,converted_from_rgb,FALSE,TRUE,FALSE,TRUE,TRUE,FALSE,6/26/2026,14,mjb_2026.txt
revival,2026,Eyes,Eyeshadow Single,Born Star Eyeshadow,Cream To Powder,Metallic,metallic_shimmer,150,,Spicy,Metallic Copper,gold_bronze,,,unknown,low,color_cosmetic,29,0.05,580,0,34,51,24,0.76,0.5016,0.3724,194,128,95,converted_from_rgb,FALSE,TRUE,FALSE,TRUE,TRUE,TRUE,6/26/2026,14,mjb_2026.txt
revival,2026,Eyes,Eyeshadow Single,Born Star Eyeshadow,Cream To Powder,Metallic,metallic_shimmer,140,,Shady,Metallic Champagne,gold_bronze,,,unknown,low,color_cosmetic,29,0.05,580,0,13,16,7,0.93,0.8091,0.7812,237,206,199,converted_from_rgb,FALSE,TRUE,FALSE,TRUE,TRUE,FALSE,6/26/2026,14,mjb_2026.txt
revival,2026,Eyes,Eyeshadow Single,Born Star Eyeshadow,Cream To Powder,Metallic,metallic_shimmer,230,,Serving,Pinky Nude with Iridescent Pearl,nude,,,unknown,low,color_cosmetic,29,0.05,580,0,27,24,28,0.72,0.5256,0.5472,184,134,140,converted_from_rgb,FALSE,TRUE,FALSE,TRUE,TRUE,TRUE,6/26/2026,14,mjb_2026.txt
revival,2026,Eyes,Eyeshadow Single,Born Star Eyeshadow,Cream To Powder,Metallic,metallic_shimmer,200,,Out Late,Metallic Black,black_gray,,,unknown,low,color_cosmetic,29,0.05,580,5,5,0,69,0.2945,0.2945,0.31,75,75,79,converted_from_rgb,FALSE,TRUE,FALSE,TRUE,TRUE,FALSE,6/26/2026,14,mjb_2026.txt
revival,2026,Eyes,Eyeshadow Single,Born Star Eyeshadow,Cream To Powder,Duochrome,duochrome,220,,Mood Swing,Blue and Purple,multi_duochrome,,,unknown,low,color_cosmetic,29,0.05,580,7,28,0,40,0.558,0.432,0.6,142,110,153,converted_from_rgb,FALSE,TRUE,FALSE,TRUE,TRUE,TRUE,6/26/2026,14,mjb_2026.txt
revival,2026,Eyes,Eyeshadow Single,Born Star Eyeshadow,Cream To Powder,Metallic,metallic_shimmer,190,,Extra,Metallic Gold,gold_bronze,,,unknown,low,color_cosmetic,29,0.05,580,0,14,54,9,0.91,0.7826,0.4186,232,200,107,converted_from_rgb,FALSE,TRUE,FALSE,TRUE,TRUE,FALSE,6/26/2026,14,mjb_2026.txt
revival,2026,Eyes,Eyeshadow Single,Born Star Eyeshadow,Cream To Powder,Duochrome,duochrome,210,,Clapback,Pink and Bronze Duochrome,multi_duochrome,,,unknown,low,color_cosmetic,29,0.05,580,0,45,43,31,0.69,0.3795,0.3933,176,97,100,converted_from_rgb,FALSE,TRUE,FALSE,TRUE,TRUE,FALSE,6/26/2026,14,mjb_2026.txt
revival,2026,Eyes,Eyeshadow Single,Born Star Eyeshadow,Cream To Powder,Metallic,metallic_shimmer,160,,Cancelled,Green,green,,,unknown,low,color_cosmetic,29,0.05,580,2,0,32,23,0.7546,0.77,0.5236,192,196,134,converted_from_rgb,FALSE,TRUE,FALSE,TRUE,TRUE,TRUE,6/26/2026,14,mjb_2026.txt
revival,2026,Eyes,Mascara,Flashes Mascara,Mascara,N/A,none_na,2,,Cocoa,Cocoa,brown,,,unknown,low,color_cosmetic,29,0.22,131.818181818,0,26,36,57,0.43,0.3182,0.2752,110,81,70,converted_from_rgb,FALSE,TRUE,FALSE,FALSE,FALSE,FALSE,6/26/2026,3,mjb_2026.txt
revival,2026,Eyes,Mascara,Flashes Mascara,Mascara,N/A,none_na,3,,Indigo,Indigo,blue,,,unknown,low,color_cosmetic,29,0.22,131.818181818,89,70,0,59,0.0451,0.123,0.41,12,31,105,converted_from_rgb,FALSE,TRUE,FALSE,FALSE,FALSE,FALSE,6/26/2026,3,mjb_2026.txt
revival,2026,Eyes,Mascara,Flashes Mascara,Mascara,N/A,none_na,1,,Onyx,Onyx,black_gray,,,unknown,low,color_cosmetic,29,0.22,131.818181818,17,22,0,93,0.0581,0.0546,0.07,15,14,18,converted_from_rgb,FALSE,TRUE,FALSE,FALSE,FALSE,FALSE,6/26/2026,3,mjb_2026.txt
revival,2026,Lips,Lipstick,Heart On Lipstick,Lipstick,High Shine,shine_gloss,601,,That's Hot,Intense Pop Pink,pink,,,unknown,low,color_cosmetic,34,0.1,340,0,65,29,1,0.99,0.3465,0.7029,252,88,179,converted_from_rgb,FALSE,TRUE,FALSE,FALSE,FALSE,FALSE,6/26/2026,20,mjb_2026.txt
revival,2026,Lips,Lipstick,Heart On Lipstick,Lipstick,High Shine,shine_gloss,600,,Pop Off,Bright Electric Purple,purple,,,unknown,low,color_cosmetic,34,0.1,340,0,65,1,41,0.59,0.2065,0.5841,150,53,149,converted_from_rgb,FALSE,TRUE,FALSE,FALSE,FALSE,FALSE,6/26/2026,20,mjb_2026.txt
revival,2026,Lips,Lipstick,Heart On Lipstick,Lipstick,High Shine,shine_gloss,400,,On Red,Blue Intense Red,red,,,unknown,low,color_cosmetic,34,0.1,340,0,86,77,19,0.81,0.1134,0.1863,207,29,48,converted_from_rgb,FALSE,TRUE,FALSE,FALSE,FALSE,FALSE,6/26/2026,20,mjb_2026.txt
revival,2026,Lips,Lipstick,Heart On Lipstick,Lipstick,High Shine,shine_gloss,107,,Mutuals Only,Deep Warm Brown,brown,,,unknown,low,color_cosmetic,34,0.1,340,0,49,56,39,0.61,0.3111,0.2684,156,79,68,converted_from_rgb,FALSE,TRUE,FALSE,FALSE,FALSE,FALSE,6/26/2026,20,mjb_2026.txt
revival,2026,Lips,Lipstick,Heart On Lipstick,Lipstick,High Shine,shine_gloss,500,,Mauve On,Cool Purple Pink,berry_plum,,,unknown,low,color_cosmetic,34,0.1,340,0,53,45,27,0.73,0.3431,0.4015,186,87,102,converted_from_rgb,FALSE,TRUE,FALSE,FALSE,FALSE,TRUE,6/26/2026,20,mjb_2026.txt
revival,2026,Lips,Lipstick,Heart On Lipstick,Lipstick,High Shine,shine_gloss,101,,Love Muscle,Cool Fair Beige,nude,,,unknown,low,color_cosmetic,34,0.1,340,0,36,32,5,0.95,0.608,0.646,242,155,165,converted_from_rgb,FALSE,TRUE,FALSE,FALSE,FALSE,FALSE,6/26/2026,20,mjb_2026.txt
revival,2026,Lips,Lipstick,Heart On Lipstick,Lipstick,High Shine,shine_gloss,200,,Love Drunk,Soft Nude Pink,pink,,,unknown,low,color_cosmetic,34,0.1,340,0,53,50,4,0.96,0.4512,0.48,245,115,122,converted_from_rgb,FALSE,TRUE,FALSE,FALSE,FALSE,FALSE,6/26/2026,20,mjb_2026.txt
revival,2026,Lips,Lipstick,Heart On Lipstick,Lipstick,High Shine,shine_gloss,102,,Lips Don't Lie,Cool Light Brown Beige,nude,,,unknown,low,color_cosmetic,34,0.1,340,0,37,38,29,0.71,0.4473,0.4402,181,114,112,converted_from_rgb,FALSE,TRUE,FALSE,FALSE,FALSE,FALSE,6/26/2026,20,mjb_2026.txt
revival,2026,Lips,Lipstick,Heart On Lipstick,Lipstick,High Shine,shine_gloss,105,,Kinky Business,Warm Brown,brown,,,unknown,low,color_cosmetic,34,0.1,340,0,46,42,36,0.64,0.3456,0.3712,163,88,95,converted_from_rgb,FALSE,TRUE,FALSE,FALSE,FALSE,FALSE,6/26/2026,20,mjb_2026.txt
revival,2026,Lips,Lipstick,Heart On Lipstick,Lipstick,High Shine,shine_gloss,301,,Hot Blooded,True Warm Orange,coral_orange,,,unknown,low,color_cosmetic,34,0.1,340,0,63,67,20,0.8,0.296,0.264,204,75,67,converted_from_rgb,FALSE,TRUE,FALSE,FALSE,FALSE,FALSE,6/26/2026,20,mjb_2026.txt
revival,2026,Lips,Lipstick,Heart On Lipstick,Lipstick,High Shine,shine_gloss,202,,Hot & Bothered,Mauvy Deep Pink,pink,,,unknown,low,color_cosmetic,34,0.1,340,0,70,55,14,0.86,0.258,0.387,219,66,99,converted_from_rgb,FALSE,TRUE,FALSE,FALSE,FALSE,FALSE,6/26/2026,20,mjb_2026.txt
revival,2026,Lips,Lipstick,Heart On Lipstick,Lipstick,High Shine,shine_gloss,201,,Heart Attack,Fresh Vibrant Pink,pink,,,unknown,low,color_cosmetic,34,0.1,340,0,78,60,6,0.94,0.2068,0.376,240,53,96,converted_from_rgb,FALSE,TRUE,FALSE,FALSE,FALSE,FALSE,6/26/2026,20,mjb_2026.txt
revival,2026,Lips,Lipstick,Heart On Lipstick,Lipstick,High Shine,shine_gloss,108,,Heart & Fast,Deep Chocolate Brown,brown,,,unknown,low,color_cosmetic,34,0.1,340,0,62,59,36,0.64,0.2432,0.2624,163,62,67,converted_from_rgb,FALSE,TRUE,FALSE,FALSE,FALSE,FALSE,6/26/2026,20,mjb_2026.txt
revival,2026,Lips,Lipstick,Heart On Lipstick,Lipstick,High Shine,shine_gloss,501,,Haute & Naughty,Deep Bright Plum,berry_plum,,,unknown,low,color_cosmetic,34,0.1,340,0,73,41,37,0.63,0.1701,0.3717,161,43,95,converted_from_rgb,FALSE,TRUE,FALSE,FALSE,FALSE,FALSE,6/26/2026,20,mjb_2026.txt
revival,2026,Lips,Lipstick,Heart On Lipstick,Lipstick,High Shine,shine_gloss,300,,Fully Loaded,Soft Orange Coral,coral_orange,,,unknown,low,color_cosmetic,34,0.1,340,0,69,64,15,0.85,0.2635,0.306,217,67,78,converted_from_rgb,FALSE,TRUE,FALSE,FALSE,FALSE,FALSE,6/26/2026,20,mjb_2026.txt
revival,2026,Lips,Lipstick,Heart On Lipstick,Lipstick,High Shine,shine_gloss,104,,Eat It Up,Cool Medium Beige,nude,,,unknown,low,color_cosmetic,34,0.1,340,0,43,42,29,0.71,0.4047,0.4118,181,103,105,converted_from_rgb,FALSE,TRUE,FALSE,FALSE,FALSE,FALSE,6/26/2026,20,mjb_2026.txt
revival,2026,Lips,Lipstick,Heart On Lipstick,Lipstick,High Shine,shine_gloss,109,,Burning Up,Deep Dark Brown,brown,,,unknown,low,color_cosmetic,34,0.1,340,0,58,57,56,0.44,0.1848,0.1892,112,47,48,converted_from_rgb,FALSE,TRUE,FALSE,FALSE,FALSE,FALSE,6/26/2026,20,mjb_2026.txt
revival,2026,Lips,Lipstick,Heart On Lipstick,Lipstick,High Shine,shine_gloss,106,,Burning Desire,Yellow Brown,brown,,,unknown,low,color_cosmetic,34,0.1,340,0,44,50,26,0.74,0.4144,0.37,189,106,94,converted_from_rgb,FALSE,TRUE,FALSE,FALSE,FALSE,FALSE,6/26/2026,20,mjb_2026.txt
revival,2026,Lips,Lipstick,Heart On Lipstick,Lipstick,High Shine,shine_gloss,103,,Booty Call,Warm Maroon Beige,nude,,,unknown,low,color_cosmetic,34,0.1,340,0,47,53,15,0.85,0.4505,0.3995,217,115,102,converted_from_rgb,FALSE,TRUE,FALSE,FALSE,FALSE,FALSE,6/26/2026,20,mjb_2026.txt
revival,2026,Lips,Lipstick,Heart On Lipstick,Lipstick,High Shine,shine_gloss,100,,Blow Stick,Warm Fair Beige,nude,,,unknown,low,color_cosmetic,34,0.1,340,0,27,38,5,0.95,0.6935,0.589,242,177,150,converted_from_rgb,FALSE,TRUE,FALSE,FALSE,FALSE,FALSE,6/26/2026,20,mjb_2026.txt
revival,2026,Face,Blush,Joystick Blush,Cream,Natural,natural,113,,Twin Cheeks,Deep Pink Nude,pink,,,unknown,low,color_cosmetic,35,0.21,166.666666667,0,69,53,15,0.85,0.2635,0.3995,217,67,102,converted_from_rgb,FALSE,TRUE,TRUE,FALSE,TRUE,FALSE,6/26/2026,10,mjb_2026.txt
revival,2026,Face,Blush,Joystick Blush,Cream,Natural,natural,112,,Shady Business,Rosewood Nude,nude,,,unknown,low,color_cosmetic,35,0.21,166.666666667,0,57,53,18,0.82,0.3526,0.3854,209,90,98,converted_from_rgb,FALSE,TRUE,TRUE,FALSE,TRUE,FALSE,6/26/2026,10,mjb_2026.txt
revival,2026,Face,Blush,Joystick Blush,Cream,Natural,natural,111,,Self Centered,Mauvy Nude,nude,,,unknown,low,color_cosmetic,35,0.21,166.666666667,0,45,41,14,0.86,0.473,0.5074,219,121,129,converted_from_rgb,FALSE,TRUE,TRUE,FALSE,TRUE,FALSE,6/26/2026,10,mjb_2026.txt
revival,2026,Face,Blush,Joystick Blush,Cream,Natural,natural,511,,Pink Kink,Intense Fuchsia,pink,,,unknown,low,color_cosmetic,35,0.21,166.666666667,0,74,49,1,0.99,0.2574,0.5049,252,66,129,converted_from_rgb,FALSE,TRUE,TRUE,FALSE,TRUE,TRUE,6/26/2026,10,mjb_2026.txt
revival,2026,Face,Blush,Joystick Blush,Cream,Natural,natural,210,,Papa Don't Peach,Vibrant Coral,coral_orange,,,unknown,low,color_cosmetic,35,0.21,166.666666667,0,50,66,0,1,0.5,0.34,255,128,87,converted_from_rgb,FALSE,TRUE,TRUE,FALSE,TRUE,FALSE,6/26/2026,10,mjb_2026.txt
revival,2026,Face,Blush,Joystick Blush,Cream,Natural,natural,510,,Last Word,Vibrant Lilac,purple,,,unknown,low,color_cosmetic,35,0.21,166.666666667,0,49,15,24,0.76,0.3876,0.646,194,99,165,converted_from_rgb,FALSE,TRUE,TRUE,FALSE,TRUE,FALSE,6/26/2026,10,mjb_2026.txt
revival,2026,Face,Blush,Joystick Blush,Cream,Natural,natural,110,,Hot Flush,Vibrant Fresh Pink,pink,,,unknown,low,color_cosmetic,35,0.21,166.666666667,0,36,24,1,0.99,0.6336,0.7524,252,162,192,converted_from_rgb,FALSE,TRUE,TRUE,FALSE,TRUE,FALSE,6/26/2026,10,mjb_2026.txt
revival,2026,Face,Blush,Joystick Blush,Cream,Natural,natural,410,,Freaks & Cheeks,Deep Plum,berry_plum,,,unknown,low,color_cosmetic,35,0.21,166.666666667,0,75,50,35,0.65,0.1625,0.325,166,41,83,converted_from_rgb,FALSE,TRUE,TRUE,FALSE,TRUE,FALSE,6/26/2026,10,mjb_2026.txt
revival,2026,Face,Blush,Joystick Blush,Cream,Natural,natural,310,,Cherry Tease,Deep Blue Red,red,,,unknown,low,color_cosmetic,35,0.21,166.666666667,0,85,69,42,0.58,0.087,0.1798,148,22,46,converted_from_rgb,FALSE,TRUE,TRUE,FALSE,TRUE,FALSE,6/26/2026,10,mjb_2026.txt
revival,2026,Face,Blush,Joystick Blush,Cream,Natural,natural,211,,"Attention, Please",True Orange,coral_orange,,,unknown,low,color_cosmetic,35,0.21,166.666666667,0,66,83,1,0.99,0.3366,0.1683,252,86,43,converted_from_rgb,FALSE,TRUE,TRUE,FALSE,TRUE,FALSE,6/26/2026,10,mjb_2026.txt
revival,2026,Face,Bronzer,Legally Bronze Bronzer,Powder,Natural,natural,10,,Fair,Fair,brown,1,fair,golden_warm,low,bronzer,42,0.38,110.526315789,0,27,43,23,0.77,0.5621,0.4389,196,143,112,converted_from_rgb,TRUE,TRUE,FALSE,TRUE,FALSE,FALSE,6/26/2026,9,mjb_2026.txt
revival,2026,Face,Bronzer,Legally Bronze Bronzer,Powder,Natural,natural,15,,Light,Light,brown,2,light,golden_warm,low,bronzer,42,0.38,110.526315789,0,34,52,25,0.75,0.495,0.36,191,126,92,converted_from_rgb,TRUE,TRUE,FALSE,TRUE,FALSE,FALSE,6/26/2026,9,mjb_2026.txt
revival,2026,Face,Bronzer,Legally Bronze Bronzer,Powder,Natural,natural,20,,Light Medium,Light Medium,brown,3,light_medium,golden_warm,low,bronzer,42,0.38,110.526315789,0,34,54,33,0.67,0.4422,0.3082,171,113,79,converted_from_rgb,TRUE,TRUE,FALSE,TRUE,FALSE,FALSE,6/26/2026,9,mjb_2026.txt
revival,2026,Face,Bronzer,Legally Bronze Bronzer,Powder,Natural,natural,25,,Light Medium Plus,Light Medium Plus,brown,4,light_medium,golden_warm,low,bronzer,42,0.38,110.526315789,0,36,54,34,0.66,0.4224,0.3036,168,108,77,converted_from_rgb,TRUE,TRUE,FALSE,TRUE,FALSE,FALSE,6/26/2026,9,mjb_2026.txt
revival,2026,Face,Bronzer,Legally Bronze Bronzer,Powder,Natural,natural,30,,Medium,Medium,brown,5,medium,golden_warm,low,bronzer,42,0.38,110.526315789,0,38,57,40,0.6,0.372,0.258,153,95,66,converted_from_rgb,TRUE,TRUE,FALSE,TRUE,FALSE,FALSE,6/26/2026,9,mjb_2026.txt
revival,2026,Face,Bronzer,Legally Bronze Bronzer,Powder,Natural,natural,35,,Medium Plus,Medium Plus,brown,6,medium,golden_warm,low,bronzer,42,0.38,110.526315789,0,36,51,40,0.6,0.384,0.294,153,98,75,converted_from_rgb,TRUE,TRUE,FALSE,TRUE,FALSE,FALSE,6/26/2026,9,mjb_2026.txt
revival,2026,Face,Bronzer,Legally Bronze Bronzer,Powder,Natural,natural,40,,Medium Deep,Medium Deep,brown,7,medium_deep,golden_warm,low,bronzer,42,0.38,110.526315789,0,40,53,56,0.44,0.264,0.2068,112,67,53,converted_from_rgb,TRUE,TRUE,FALSE,TRUE,FALSE,FALSE,6/26/2026,9,mjb_2026.txt
revival,2026,Face,Bronzer,Legally Bronze Bronzer,Powder,Natural,natural,45,,Medium Deep Plus,Medium Deep Plus,brown,8,medium_deep,golden_warm,low,bronzer,42,0.38,110.526315789,0,39,50,71,0.29,0.1769,0.145,74,45,37,converted_from_rgb,TRUE,TRUE,FALSE,TRUE,FALSE,FALSE,6/26/2026,9,mjb_2026.txt
revival,2026,Face,Bronzer,Legally Bronze Bronzer,Powder,Natural,natural,50,,Deep,Deep,brown,9,deep,golden_warm,low,bronzer,42,0.38,110.526315789,0,28,39,72,0.28,0.2016,0.1708,71,51,44,converted_from_rgb,TRUE,TRUE,FALSE,TRUE,FALSE,FALSE,6/26/2026,9,mjb_2026.txt
revival,2026,Face,Highlighter,Money Shot Highlighter,Jelly,Shimmer,metallic_shimmer,1,,one,one,white_silver,,,unknown,low,highlighter,29,0.17,170.588235294,5,7,0,7,0.8835,0.8649,0.93,225,221,237,converted_from_rgb,FALSE,TRUE,FALSE,FALSE,FALSE,FALSE,6/26/2026,1,mjb_2026.txt
original_launch,2013,Face,Concealer,Remedy Concealer Pen,Liquid,Dewy,natural,0,,Stand Corrected,Stand Corrected,nude,1,corrector,neutral_warm,low,corrector,39,0.08,487.5,0,13,16,11,0.89,0.7743,0.7476,227,197,191,source_provided,TRUE,TRUE,FALSE,FALSE,FALSE,FALSE,mjb_2013.txt,9,mjb_2013.txt
original_launch,2013,Face,Concealer,Remedy Concealer Pen,Liquid,Dewy,natural,0,,Bright Idea,Bright Idea,nude,2,brightener,neutral_warm,low,brightener,39,0.08,487.5,0,6,11,10,0.9,0.846,0.801,230,216,204,source_provided,TRUE,TRUE,FALSE,FALSE,FALSE,FALSE,mjb_2013.txt,9,mjb_2013.txt
original_launch,2013,Face,Concealer,Remedy Concealer Pen,Liquid,Dewy,natural,1,,Rendezvous,Rendezvous,nude,3,fair,neutral_warm,low,skin_tone,39,0.08,487.5,0,10,16,12,0.88,0.792,0.7392,224,202,188,source_provided,TRUE,TRUE,FALSE,FALSE,FALSE,FALSE,mjb_2013.txt,9,mjb_2013.txt
original_launch,2013,Face,Concealer,Remedy Concealer Pen,Liquid,Dewy,natural,2,,Wake-Up Call,Wake-Up Call,nude,4,light,neutral_warm,low,skin_tone,39,0.08,487.5,0,11,18,11,0.89,0.7921,0.7298,227,202,186,source_provided,TRUE,TRUE,FALSE,FALSE,FALSE,FALSE,mjb_2013.txt,9,mjb_2013.txt
original_launch,2013,Face,Concealer,Remedy Concealer Pen,Liquid,Dewy,natural,3,,Up All Night,Up All Night,nude,5,light_medium,golden_warm,low,skin_tone,39,0.08,487.5,0,12,22,15,0.85,0.748,0.663,217,191,169,source_provided,TRUE,TRUE,FALSE,FALSE,FALSE,FALSE,mjb_2013.txt,9,mjb_2013.txt
original_launch,2013,Face,Concealer,Remedy Concealer Pen,Liquid,Dewy,natural,4,,Late Show,Late Show,nude,6,medium,golden_warm,low,skin_tone,39,0.08,487.5,0,14,24,16,0.84,0.7224,0.6384,214,184,163,source_provided,TRUE,TRUE,FALSE,FALSE,FALSE,FALSE,mjb_2013.txt,9,mjb_2013.txt
original_launch,2013,Face,Concealer,Remedy Concealer Pen,Liquid,Dewy,natural,5,,Last Call,Last Call,nude,7,medium_deep,golden_warm,low,skin_tone,39,0.08,487.5,0,16,26,18,0.82,0.6888,0.6068,209,176,155,source_provided,TRUE,TRUE,FALSE,FALSE,FALSE,FALSE,mjb_2013.txt,9,mjb_2013.txt
original_launch,2013,Face,Concealer,Remedy Concealer Pen,Liquid,Dewy,natural,6,,After Hours,After Hours,nude,8,deep,golden_warm,low,skin_tone,39,0.08,487.5,0,17,27,19,0.81,0.6723,0.5913,207,171,151,source_provided,TRUE,TRUE,FALSE,FALSE,FALSE,FALSE,mjb_2013.txt,9,mjb_2013.txt
original_launch,2013,Face,Concealer,Remedy Concealer Pen,Liquid,Dewy,natural,7,,Past Curfew,Past Curfew,nude,9,very_deep,golden_warm,low,skin_tone,39,0.08,487.5,0,17,29,22,0.78,0.6474,0.5538,199,165,141,source_provided,TRUE,TRUE,FALSE,FALSE,FALSE,FALSE,mjb_2013.txt,9,mjb_2013.txt
original_launch,2013,Face,Foundation,Genius Gel Super-Charged Foundation,Gel,Natural To Full Coverage,natural,10,,Ivory Light,Ivory Light,nude,1,very_fair,neutral_warm,medium,skin_tone,48,1,48,0,8,16,7,0.93,0.8556,0.7812,237,218,199,source_provided,TRUE,TRUE,FALSE,FALSE,FALSE,FALSE,,16,mjb_2013.txt
original_launch,2013,Face,Foundation,Genius Gel Super-Charged Foundation,Gel,Natural To Full Coverage,natural,14,,Ivory Medium,Ivory Medium,nude,2,fair,neutral_warm,medium,skin_tone,48,1,48,0,9,17,9,0.91,0.8281,0.7553,232,211,193,source_provided,TRUE,TRUE,FALSE,FALSE,FALSE,FALSE,,16,mjb_2013.txt
original_launch,2013,Face,Foundation,Genius Gel Super-Charged Foundation,Gel,Natural To Full Coverage,natural,22,,Bisque Light,Bisque Light,nude,3,light,neutral_warm,medium,skin_tone,48,1,48,0,10,20,9,0.91,0.819,0.728,232,209,186,source_provided,TRUE,TRUE,FALSE,FALSE,FALSE,FALSE,,16,mjb_2013.txt
original_launch,2013,Face,Foundation,Genius Gel Super-Charged Foundation,Gel,Natural To Full Coverage,natural,26,,Bisque Medium,Bisque Medium,nude,4,light_medium,golden_warm,medium,skin_tone,48,1,48,0,15,25,18,0.82,0.697,0.615,209,178,157,source_provided,TRUE,TRUE,FALSE,FALSE,FALSE,FALSE,,16,mjb_2013.txt
original_launch,2013,Face,Foundation,Genius Gel Super-Charged Foundation,Gel,Natural To Full Coverage,natural,32,,Beige Light,Beige Light,nude,5,light,golden_warm,medium,skin_tone,48,1,48,0,15,25,6,0.94,0.799,0.705,240,204,180,source_provided,TRUE,TRUE,FALSE,FALSE,FALSE,FALSE,,16,mjb_2013.txt
original_launch,2013,Face,Foundation,Genius Gel Super-Charged Foundation,Gel,Natural To Full Coverage,natural,34,,Beige Medium,Beige Medium,nude,6,light_medium,golden_warm,medium,skin_tone,48,1,48,0,16,25,8,0.92,0.7728,0.69,235,197,176,source_provided,TRUE,TRUE,FALSE,FALSE,FALSE,FALSE,,16,mjb_2013.txt
original_launch,2013,Face,Foundation,Genius Gel Super-Charged Foundation,Gel,Natural To Full Coverage,natural,36,,Beige Deep,Beige Deep,nude,7,medium,golden_warm,medium,skin_tone,48,1,48,0,16,26,9,0.91,0.7644,0.6734,232,195,172,source_provided,TRUE,TRUE,FALSE,FALSE,FALSE,FALSE,,16,mjb_2013.txt
original_launch,2013,Face,Foundation,Genius Gel Super-Charged Foundation,Gel,Natural To Full Coverage,natural,42,,Golden Light,Golden Light,nude,8,light,golden_warm,high,skin_tone,48,1,48,0,15,31,8,0.92,0.782,0.6348,235,199,162,source_provided,TRUE,TRUE,FALSE,FALSE,FALSE,FALSE,,16,mjb_2013.txt
original_launch,2013,Face,Foundation,Genius Gel Super-Charged Foundation,Gel,Natural To Full Coverage,natural,44,,Golden Medium,Golden Medium,nude,9,medium,golden_warm,high,skin_tone,48,1,48,0,17,33,9,0.91,0.7553,0.6097,232,193,155,source_provided,TRUE,TRUE,FALSE,FALSE,FALSE,FALSE,,16,mjb_2013.txt
original_launch,2013,Face,Foundation,Genius Gel Super-Charged Foundation,Gel,Natural To Full Coverage,natural,46,,Golden Deep,Golden Deep,nude,10,medium_deep,golden_warm,high,skin_tone,48,1,48,0,17,30,18,0.82,0.6806,0.574,209,174,146,source_provided,TRUE,TRUE,FALSE,FALSE,FALSE,FALSE,,16,mjb_2013.txt
original_launch,2013,Face,Foundation,Genius Gel Super-Charged Foundation,Gel,Natural To Full Coverage,natural,62,,Fawn Light,Fawn Light,nude,11,medium,golden_warm,medium,skin_tone,48,1,48,0,18,30,14,0.86,0.7052,0.602,219,180,154,source_provided,TRUE,TRUE,FALSE,FALSE,FALSE,FALSE,,16,mjb_2013.txt
original_launch,2013,Face,Foundation,Genius Gel Super-Charged Foundation,Gel,Natural To Full Coverage,natural,64,,Fawn Medium,Fawn Medium,nude,12,medium_deep,golden_warm,medium,skin_tone,48,1,48,0,20,33,16,0.84,0.672,0.5628,214,171,144,source_provided,TRUE,TRUE,FALSE,FALSE,FALSE,FALSE,,16,mjb_2013.txt
original_launch,2013,Face,Foundation,Genius Gel Super-Charged Foundation,Gel,Natural To Full Coverage,natural,66,,Fawn Deep,Fawn Deep,nude,13,deep,golden_warm,medium,skin_tone,48,1,48,0,21,35,17,0.83,0.6557,0.5395,212,167,138,source_provided,TRUE,TRUE,FALSE,FALSE,FALSE,FALSE,,16,mjb_2013.txt
